AdminID,Name,Username,Password,ContactInfo,Role,CreateDate
1,Glenn Bowen,heather79,w!N1hk@v@9,001-966-337-3124,senior admin,2016-11-20
2,Jared Hill,staciecobb,iUY8NrEM&2,001-803-508-3242x6537,simple admin,2018-04-27
3,Jason Johnson,catherinestark,UMJz1qn8+4,433-836-5423,simple admin,2020-06-10
4,Kimberly Morrow,sherrimurray,+5Lnwfd6sJ,798-965-1964x016,senior admin,2014-02-27
5,Jasmine Stewart,natashasloan,g&4jTUQzh),415-414-3102,simple admin,2022-05-04
6,Cody Steele,mharris,YG&j3VLs%b,(648)575-5611x688,senior admin,2014-12-14
7,Nancy Gordon MD,richardhernandez,h!*9AQrpOX,515.896.1239x1512,senior admin,2019-01-14
8,Justin Williams,yreyes,^58kT(eOn7,296-886-1065x1608,senior admin,2019-12-04
9,William Moody,lynnevans,#3*hLzid_%,+1-596-996-3117x16988,senior admin,2022-09-24
10,Donald Wood,christopherorr,I4dqD25h(E,960-957-2063x459,simple admin,2019-05-28
11,Stephanie Foster,joshua28,g0t^78Qd%z,(907)736-6229x68824,simple admin,2021-10-07
12,Jay Campos,latoyacarlson,_*5!Bs^$s2,(430)276-6798x69648,senior admin,2017-12-18
13,Jason Douglas,calhouncristina,Qb_5QrlO+b,001-736-325-2919x7747,senior admin,2014-03-19
14,Thomas Ellis,rickwilliams,@maViOjU34,9058874336,senior admin,2019-11-03
15,Anita Campbell,marie06,jv5FpxUp@9,608.853.3798,simple admin,2017-09-06
16,Ashlee Kim,jonesmary,XF4WF8^xq),800.311.3346x25051,senior admin,2016-11-22
17,Claudia Doyle,kimberlymitchell,G8EaWsBD_8,535-657-4849,simple admin,2022-01-22
18,Lauren Estrada,zhunter,*5XHBpA)l!,001-343-969-7642,simple admin,2020-10-25
19,Brian Petersen,wilkinsonsara,0GlUYj0q^n,+1-872-660-9081x707,senior admin,2014-01-25
20,Catherine Carpenter,raylisa,!Un7Gvoz50,(413)822-7783x054,simple admin,2022-03-03
