customer ID,customer name,account,password,phone number,email,drive license,address
1,Angela Marshall,1,123456,920.814.5344,sharris@example.org,836580,"PSC 3845, Box 4639
APO AA 54011"
2,Susan Pope,2,123456,+1-819-871-2271x801,omarmartinez@example.org,653398,"9465 Allen Points
Smithborough, WV 01182"
3,Carol Gonzales,3,123456,436-412-7987x927,derrick15@example.org,485879,"127 Moreno Parkways Suite 390
South Michelehaven, WV 15982"
4,Andre Lester,4,123456,001-530-460-5455x45507,waredana@example.org,244730,"7152 Brown Wall Apt. 824
Whitebury, VT 02969"
5,Kenneth Carson,5,123456,576-871-0262,clarkbrittney@example.net,169238,"600 Vega Stream Suite 964
South Debra, VT 43221"
6,Rhonda King,6,123456,-9241,mcgeemichelle@example.net,104890,"0137 Hughes Creek Apt. 875
Hamiltonview, OR 56106"
7,Kim Flores,7,123456,001-423-616-9832,ijimenez@example.net,853197,"857 Cook Rest Apt. 373
Ryanstad, IN 56758"
8,Jonathan Clark,8,123456,(587)873-3033,campbelldaniel@example.net,777870,"59481 Brown Trace Apt. 708
Jayville, ND 72639"
9,Brenda Benjamin,9,123456,001-961-403-2474x9669,adriana85@example.org,180999,"24413 Leonard Heights Apt. 151
Ellisview, IA 59764"
10,Kathy Carney,10,123456,+1-339-310-4468x26988,martinezjoseph@example.net,707955,"1069 Hanson Flats Apt. 417
Ericport, IA 29855"
11,Sabrina Solis,11,123456,770.397.9870,fmeyer@example.com,733398,"06999 Black Key Suite 987
Williamsburgh, WA 55269"
12,Christopher Frey,12,123456,(894)456-7659,steventurner@example.org,332169,"34238 Martin Wall Suite 072
Edwardsview, KS 15119"
13,Michael Joyce,13,123456,001-592-984-7323x641,vargaselizabeth@example.org,605530,"2582 Charles Crescent
North Andrewtown, AK 10658"
14,Samuel Lin,14,123456,+1-281-690-5732x300,brycemeadows@example.com,868684,"8173 Mendez Locks
East Joeberg, MD 14503"
15,Patricia Mitchell,15,123456,001-869-621-6463x3145,shieldsjonathan@example.org,451299,"4261 Patrick Unions Suite 957
North Joseph, CA 29740"
16,Jesus Matthews,16,123456,(646)834-1518x3816,kwilliams@example.net,441030,"14365 Zachary Square Apt. 818
Adamton, GA 51178"
17,Amy Smith,17,123456,784-816-1126x9749,christopher12@example.net,414175,"97613 Brittney Divide
West Jeffreyborough, AK 98478"
18,Kimberly Moreno,18,123456,832-592-2156,iyates@example.net,242520,"1360 Kristina Stravenue
East Meganburgh, ME 97318"
19,Taylor Barrett,19,123456,212.403.2661x277,johnstonbrian@example.org,319698,"20078 Richard Fall
Lake Alexis, KS 98002"
20,Bryan Hoffman,20,123456,500.737.3730x0390,dwang@example.org,154420,"USNS Palmer
FPO AA 27808"
21,Darryl Cohen,21,123456,754.791.6009x96676,mercadochad@example.org,254219,"PSC 3179, Box 4324
APO AE 76459"
22,Samuel Fox,22,123456,+1-848-342-9134x6857,hryan@example.com,859663,"USS Perez
FPO AE 59168"
23,Stacy Wilson,23,123456,001-278-322-8291x50123,robert81@example.net,797652,"Unit 6415 Box 8154
DPO AE 75429"
24,Regina Steele,24,123456,001-519-743-6566,weberkatherine@example.net,796849,"7813 Gregory Overpass Suite 326
Brandiborough, SC 76250"
25,Joseph Moore,25,123456,2757401315,christinamontgomery@example.org,868652,"8227 Wilson Trace
Turnerside, WA 40463"
26,Darlene Todd,26,123456,791-720-5288,vincent17@example.com,579028,"272 Johnson Rapid Suite 990
Evansmouth, SD 67681"
27,George Hendrix,27,123456,-1721,campbelljoshua@example.net,656714,"Unit 0215 Box 6203
DPO AP 57492"
28,Peter Young,28,123456,513.322.8544,rgarza@example.net,596130,"0936 Nicole Extension
Cooperberg, NM 43205"
29,Patricia Wong,29,123456,879.202.7615,greenepeter@example.com,125791,"PSC 8544, Box 3673
APO AA 60997"
30,Tina Oneal,30,123456,001-547-476-8008x76521,tammie73@example.net,600812,"796 Jackson Ports
Carrmouth, NY 10912"
31,David Rice,31,123456,330-921-3881x9037,christinamathews@example.org,380562,"182 Brittney Loaf
West Georgeville, MN 46697"
32,Douglas Johnson,32,123456,(497)651-9813,jason56@example.net,839538,"8434 David Locks
Heatherside, DC 04642"
33,Rodney Martinez,33,123456,+1-748-847-5675x52747,thomaschristopher@example.org,265410,"665 Antonio Island
Pamelabury, MD 21749"
34,Anthony White,34,123456,8415188668,amberzhang@example.org,580705,"250 Torres Street
North Jonathan, FM 22938"
35,Paul Wallace,35,123456,6753212455,michellebennett@example.org,245649,"0574 Harris Dale
West Kevin, ME 33062"
36,Derek Gibson,36,123456,-8002,valdezmark@example.com,405025,"659 Preston Course Apt. 870
West Katrinaview, OK 78690"
37,David Wilson,37,123456,3698132057,josephanna@example.org,905627,"86670 Gibbs Stream
South Austin, AS 36001"
38,Brianna Perez,38,123456,(306)509-3398,lzavala@example.net,488928,"7791 James Mission Suite 780
Raymondburgh, IN 33946"
39,Kyle Ferguson,39,123456,001-548-444-0697,billylee@example.org,199871,"194 Chad Passage
Nguyenchester, VT 95884"
40,Lucas Anderson,40,123456,340-712-3049,youngchristina@example.net,322406,"24642 Anderson Spurs Suite 614
Port Ryanmouth, MH 26551"
41,Heather James,41,123456,265.261.1337x7618,kingstephanie@example.net,699919,"465 Nicholas Trail Suite 769
Gomezfurt, DC 94192"
42,Eric Church,42,123456,(543)683-5385x0513,nathan38@example.org,200693,"843 Barker Fords
Larsenview, NJ 05103"
43,Cory Miller,43,123456,9887532883,csantiago@example.net,394808,"82475 Shannon Pine
North Michelehaven, AK 66091"
44,Shannon Michael,44,123456,775-303-8938x65753,owenschristopher@example.org,447078,"4905 Robertson Pike
Carpenterfort, PA 07497"
45,Michael Trevino,45,123456,001-302-922-0971x5745,davisjonathan@example.net,244293,"57471 Gregory Trail
South Kevinport, UT 07604"
46,Emily Reed,46,123456,001-347-312-7866x168,williamsjoel@example.net,431752,"605 Johnson Centers Suite 326
West Dennis, NM 55340"
47,Tracey Potter,47,123456,6196747553,lewiswilliam@example.net,662732,"4751 Holly Heights Suite 673
North Steven, IL 21593"
48,Travis Jackson,48,123456,(368)984-8443x672,wendyfuentes@example.com,520949,"11081 Brown Meadow
South Jessicabury, AR 86225"
49,Diane Martinez,49,123456,274-377-5672x13800,jesseday@example.org,682855,"0308 Friedman Stravenue
West Tyler, HI 33451"
50,Brittany Dickerson,50,123456,324-521-3804x996,romerochristopher@example.com,653145,"6749 Matthews Via
Port Mary, ND 49350"
51,Rodney Smith,51,123456,313-442-4991,jameslinda@example.com,244810,"59518 Greene Port Suite 822
Adamsmouth, GA 28748"
52,Nicholas Mendoza,52,123456,001-711-250-8762x076,heathersantos@example.org,955632,"1887 Reyes Ways
Jamestown, LA 10476"
53,Amy Gallagher,53,123456,944-948-9068x484,gordonzachary@example.org,190076,"3647 Jackson Meadow
East Katrinaview, OH 51567"
54,Kathleen Harper,54,123456,365-489-1809,wintersjill@example.org,862234,"PSC 8758, Box 7524
APO AA 13161"
55,Jonathan Jones,55,123456,(471)817-0734x50920,mark24@example.org,636236,"719 Reynolds Island
Rhodeston, MA 55046"
56,Brittany Warren,56,123456,578-227-2024x901,tranvictoria@example.com,494008,"78650 Jill Glen Suite 662
Lake Brittanyshire, NE 93695"
57,Craig Hansen,57,123456,541-699-5148,fernandomorales@example.org,755651,"138 John Street
Campbellland, MD 47632"
58,Jennifer Baker,58,123456,871-982-2414x5312,moralesamanda@example.com,914674,"2202 Matthew Greens Apt. 705
North Jillian, MH 47273"
59,Betty Williams,59,123456,208-494-1576x56138,rachel39@example.org,579407,"549 May Estate Suite 649
Lake Ernestborough, GA 66401"
60,James Hamilton,60,123456,(693)392-4290x2289,raymond59@example.com,643480,"1954 Michael Alley Apt. 506
Johnport, DC 34484"
61,Nicole Lewis,61,123456,+1-390-941-2253x249,pittmankatie@example.net,624328,"5906 Barrera Terrace Apt. 257
Port Stevenland, ME 26927"
62,Courtney Collins,62,123456,231.729.2234x79010,jbruce@example.com,283228,"8753 Ochoa Summit
West Richard, CA 25271"
63,Natasha Waller,63,123456,470.854.8594x08262,berrybrian@example.net,170021,"54336 Anderson Cliff Apt. 293
Port Kayleeview, NH 78103"
64,Brandi Price,64,123456,686.937.1857x27885,mcisneros@example.net,492877,"1616 Jonathan Streets
Teresafort, AZ 49119"
65,Rita Dawson,65,123456,684-891-3320,amy76@example.net,731265,"821 Michelle Tunnel Apt. 918
Andersontown, AZ 03494"
66,Susan Robinson,66,123456,834-547-8296,knoxmanuel@example.org,433408,"770 Smith Mountain
Sandersside, CA 31866"
67,Laurie Hamilton,67,123456,001-457-932-3245x078,brian83@example.net,837780,"1953 Amanda Lane Apt. 926
South Stevenchester, OR 63766"
68,Joel Hubbard,68,123456,938-645-7879x55573,ellen17@example.org,667896,"1059 Wolf Islands Suite 216
New Jeff, NM 32168"
69,Randall Santos,69,123456,200-510-1399x513,lindaarroyo@example.org,623517,"6129 Teresa Springs
Port Katherineton, SC 72627"
70,James Alexander,70,123456,2899126272,frymelissa@example.net,768431,"1656 Samuel Corners
Port Teresa, AR 10901"
71,Angelica Christian,71,123456,(558)923-1373x71725,anthonyjennings@example.org,208371,"8947 Russell Walks Suite 200
Moyershire, AR 26055"
72,Justin Whitney,72,123456,+1-273-548-6267x358,baxterkaitlin@example.net,999136,"9896 Potter Overpass Apt. 566
Lake Hunterfort, CO 15782"
73,Beth Nelson,73,123456,(773)969-2029,travisjackson@example.org,372733,"9854 Cristian Keys Apt. 111
Kristaville, AL 22200"
74,Christy Barajas,74,123456,001-959-701-3022x448,emily51@example.org,381096,"445 Amy Port Suite 586
Owenville, NV 05104"
75,John Le,75,123456,(755)904-1165,srichards@example.org,487756,"41268 Howell Views
Catherinehaven, LA 73761"
76,Mark Sharp,76,123456,(443)984-5242x215,paul61@example.com,580873,"17068 Matthew Island Apt. 785
Natalietown, KS 50506"
77,Suzanne Peterson,77,123456,+1-281-941-7231x3008,jennifer37@example.com,833648,"7881 Darlene Plains Suite 192
Kelseyfort, MN 68815"
78,Andrew Griffith,78,123456,001-204-396-3730x286,linnatalie@example.net,634909,"89443 Hamilton Lodge
New Kiara, DC 11076"
79,Cody Acosta,79,123456,(832)446-2177,joel02@example.com,722553,"Unit 4640 Box 2737
DPO AP 74069"
80,Dawn Garcia,80,123456,385-935-4007,brandonvalenzuela@example.org,308983,"286 Cantu Rapid Apt. 252
New Amanda, DE 48117"
81,Jeffrey Wade,81,123456,(604)656-9307,ecook@example.com,723432,"564 Deborah Dam
Brianshire, ME 09227"
82,Adam Smith,82,123456,715-440-3247x99928,ydunn@example.com,828726,"750 Williams Trail
Pamelaside, PA 26087"
83,Melissa Anderson,83,123456,887.485.2036x657,williamschristopher@example.com,774112,"90393 Blair Trail
West Ricardobury, MI 59994"
84,Regina Lyons,84,123456,6992176553,blarson@example.org,279052,"011 Anita Rapid
South Christina, MO 01933"
85,Kyle Martinez,85,123456,(573)253-6633,maurice54@example.org,182312,"0628 Richard Drive
Michaelfort, MD 44938"
86,Rachel Delgado,86,123456,487.878.5246,frederickavery@example.net,161435,"851 Emily Via Apt. 153
Jenniferberg, NJ 31716"
87,Sarah George,87,123456,001-362-605-8929x486,ramosclaire@example.org,805241,"396 Jason Loop
North Leonard, NH 62258"
88,Billy Wolf,88,123456,727-723-0158,moralesrobin@example.net,317880,"598 Jose Pines Apt. 429
Kurtfurt, KS 65340"
89,Brittany Hale,89,123456,7012046384,tblevins@example.com,871260,"6348 April Underpass Suite 073
Johnville, GA 88199"
90,Sarah Thompson,90,123456,358-727-1267x23613,dgray@example.org,981827,"43697 Vanessa Forest
Chenstad, OK 75049"
91,Charles Hunter,91,123456,208.947.0349,nicole69@example.org,269681,"23199 Kristy Route Suite 379
Lestershire, AR 38049"
92,Mary Horton,92,123456,(553)918-7015,ulopez@example.net,446259,"6458 Williams Well Apt. 235
Lake Natalieton, ND 98033"
93,Robert Howard,93,123456,-1764,smithstephen@example.com,832513,"Unit 2010 Box 4549
DPO AP 89872"
94,John Smith,94,123456,563.555.6745,kevin08@example.net,791236,"31044 Juan Courts Apt. 116
Danielchester, IN 44105"
95,Samuel Franco,95,123456,919-453-8764x314,ccampos@example.com,761389,"724 Hester Loaf
Lopezberg, MN 63538"
96,Anthony Cohen,96,123456,831-791-7608x08199,keithhardin@example.net,638653,"4468 Montgomery Brooks Suite 407
Mollyton, OR 92098"
97,Eric Carter,97,123456,+1-709-880-2105x1800,clarencemartin@example.net,556328,"972 Scott Estate
Kemphaven, MN 74389"
98,Kayla Rice,98,123456,(999)262-4321,eric04@example.org,817604,"28704 Farrell Alley Suite 286
Brownfort, GA 64642"
99,Jessica Maxwell,99,123456,549-323-1995x052,zgonzalez@example.net,523833,"4422 Todd Ferry Apt. 788
Thorntonport, ND 44557"
100,Leonard Davidson,100,123456,(725)809-6002,jfrench@example.net,910642,"5578 Carr Lights Suite 534
North Luis, MT 33685"
101,Gregory Williams,101,123456,5354868748,bradleywong@example.org,169975,"9918 Barber Flats Apt. 584
West Erica, OH 81763"
102,Nicole Wright,102,123456,(709)891-5794,michelleross@example.com,156468,"84123 Roger Forks
Carrhaven, ME 46372"
103,Jeremy Gray,103,123456,259.377.5919,julia14@example.net,923271,"40469 Justin View
North James, AR 93856"
104,Mark Roberts,104,123456,(930)436-6945x613,warnerjohn@example.org,691779,"55596 Jonathan Ridges Suite 231
Bradyborough, GU 36898"
105,Lauren Burke,105,123456,735-826-1560,mariah13@example.com,669390,"468 Horne Prairie Suite 509
North Michelle, ME 01996"
106,Julie Miller,106,123456,727.344.0534x5158,jason07@example.net,865726,"635 Barrett Forks
West Jennifer, OH 39641"
107,Kerry Miller,107,123456,430.331.8585x27116,megan82@example.org,860263,"6064 Warren Key
Faithfurt, GA 28062"
108,Christopher Meyer,108,123456,001-695-909-4048x430,david98@example.com,933344,"18991 Gonzalez Inlet Suite 222
Port Tylerbury, SD 28433"
109,Marcus Bell,109,123456,785-462-3823x11250,kevinjohnson@example.net,278906,"652 Luis Coves Suite 910
Jordanberg, MS 07640"
110,Lawrence Ramirez,110,123456,(775)434-2683x2407,evelyn60@example.org,959654,"0712 Eaton Rapid
Kimberlyshire, GA 00851"
111,Teresa Mcdowell,111,123456,(695)540-7501x9309,lindsay78@example.org,863104,"41127 Campbell Wells
Chavezborough, VI 64601"
112,Michael Robbins,112,123456,885.444.7196x78089,chadburns@example.org,552721,"Unit 8864 Box 9452
DPO AE 40997"
113,Michael Park,113,123456,001-585-283-3816x22183,jsantana@example.com,466643,"49580 Philip Circle Apt. 208
Newmanland, WI 80820"
114,Daniel Roach,114,123456,001-617-215-3788x4844,williamsjessica@example.org,639551,"623 Amanda Lake
Jonathanfurt, NJ 38678"
115,Lindsey Kerr,115,123456,(302)299-7358x521,tiffany99@example.com,358124,"46272 Diane Loop Apt. 547
Hernandezmouth, WV 45181"
116,Miranda Arnold,116,123456,206-495-6179x623,ncurtis@example.net,418987,"760 Daniel Lodge Suite 310
Smithfort, MS 26949"
117,Kendra White,117,123456,(936)741-1252,terri30@example.org,777897,"16932 Cherry Estate
Lake Jeff, TN 24655"
118,Bradley Allen,118,123456,9135834611,donnajimenez@example.net,883215,"31035 Jennifer Branch
Martinstad, ID 96784"
119,Martin Collins,119,123456,388.632.3490x35936,wreid@example.com,592132,"65252 Gary Street Suite 824
Edwardshaven, NM 02374"
120,Crystal Cannon,120,123456,+1-775-920-8060x8007,nobleroger@example.net,479388,"49003 Ryan Oval Suite 055
Dianeborough, SC 71469"
121,Fred Hammond,121,123456,001-219-393-4411x42304,jonathonwatson@example.com,622745,"563 Shah Inlet Suite 166
Joehaven, CT 39586"
122,Caroline Mcdaniel,122,123456,874-949-4483x048,vjordan@example.org,687856,"15843 Jennifer Center
Stacyberg, AL 41921"
123,Kristin Clarke,123,123456,394.707.7502,joshuamurray@example.org,836333,"49971 Patricia Plaza Apt. 867
Ericshire, NE 23622"
124,Amanda Davis,124,123456,528-372-4956x956,gsharp@example.com,627547,"4130 Andrea Ferry Suite 489
Lake Darlene, GA 18400"
125,Jonathan Brooks,125,123456,(448)430-7178x057,allenjoel@example.com,858663,"253 Patterson Mill
Travismouth, ND 17173"
126,Dr. Donna Carroll,126,123456,001-677-538-2657x9367,frank30@example.org,582039,"41464 Jessica Plain
Stevenburgh, OK 24406"
127,Mrs. Kristin Cruz,127,123456,418-456-7333,melissahopkins@example.com,223223,"163 Eric Track Suite 355
Whitneyshire, OH 36970"
128,Ebony Moon,128,123456,8023816110,julierich@example.com,680419,"6028 John Locks Apt. 807
Sandrastad, MO 67189"
129,Kimberly Patterson,129,123456,+1-677-988-3548x99326,xdavis@example.com,350136,"66386 Smith Course Apt. 268
West Levi, NM 30048"
130,Kimberly Crosby,130,123456,+1-374-527-6198x56891,taylorpowell@example.com,278668,"80629 Hurst Corner
West Heather, WA 29644"
131,Mariah Krueger,131,123456,930-677-7434x9893,julia67@example.com,792865,"8858 Jacob Circles
Spencechester, WY 45556"
132,Jacob Mcdowell,132,123456,001-669-741-6657x075,krogers@example.org,872983,"5200 Griffin Mountains
Phelpsborough, MH 97680"
133,Debra Richard,133,123456,6582926190,amyjones@example.org,295155,"658 Thomas Mission
East Kevin, CA 45355"
134,Janice Castillo,134,123456,-8738,nathan48@example.com,270429,"54243 Michele Way
Ramireztown, VA 40799"
135,Michelle Marshall,135,123456,552.359.9988,vincent38@example.net,313444,"663 Garrison Branch Suite 197
East Dylanville, MA 77554"
136,Ashlee Armstrong,136,123456,(623)683-9678x525,tracieparks@example.com,344292,"PSC 8072, Box 6057
APO AA 65311"
137,David Elliott,137,123456,842.332.8744x8749,julie11@example.org,950375,"2969 Natasha Burgs Apt. 114
Port Troy, AL 66507"
138,Caroline Palmer,138,123456,+1-253-417-4495x942,desireeanderson@example.org,861490,"58799 Sandoval Points
Wardmouth, MI 41931"
139,Connie Leach,139,123456,5438758082,balljulia@example.com,816388,"643 Amanda Spring
South Brendan, WV 89159"
140,Richard Hanna,140,123456,3868876377,marilyn47@example.net,335785,"658 Jamie Wells Suite 043
Francoshire, WY 62633"
141,Angela Gutierrez,141,123456,(840)561-8130,parkerkyle@example.com,498616,"Unit 3841 Box 6703
DPO AP 82217"
142,Tina Ryan,142,123456,2335451508,amberstout@example.com,278971,"990 Lisa Ford
West Francisco, PR 11569"
143,Jessica Flynn,143,123456,001-661-427-0462,scottmolly@example.org,916726,"615 Mario Light Apt. 362
East Courtneyshire, AL 39049"
144,Brittany Torres,144,123456,520-749-3120,larsonpam@example.org,323502,"692 Thomas Islands Apt. 673
East David, PR 72461"
145,Cody Daniels,145,123456,681.932.1610,cody78@example.com,713942,"7584 Joshua Lodge
West Robert, VA 35604"
146,Aaron Brooks,146,123456,+1-951-723-0100x818,ajones@example.net,799483,"6132 Mills Route
Gardnerfurt, IA 59491"
147,Crystal Smith,147,123456,234-956-7943,alexander93@example.com,214396,"1324 Lance Villages Suite 854
Murrayburgh, HI 83573"
148,Steven Ellison,148,123456,790.728.9158x2070,jenkinsamber@example.org,558097,"1526 Alvarez Spurs
Fernandezton, CT 58200"
149,Samantha Blair,149,123456,001-238-462-5765x55234,moorestephen@example.net,631554,"Unit 0903 Box 6445
DPO AA 07466"
150,Amy Perez,150,123456,(537)635-2338x268,johnny24@example.org,981973,"720 Alexandra Corner
West Johnberg, ND 45561"
151,Kimberly Beck,151,123456,(739)857-8941x6770,todd92@example.org,112856,"89575 Joanne Inlet Apt. 060
Robertville, SC 84249"
152,Alexander Mcclure,152,123456,415-318-5851,qjackson@example.net,635217,"32140 Cindy Trace
South Patricia, DC 22872"
153,Ann Jones,153,123456,(502)510-4095x334,hayneskrista@example.org,828480,"142 Andrews Drives Apt. 876
Andreaton, GU 05428"
154,Carrie Crawford,154,123456,001-549-798-4326x4764,thess@example.org,698752,"20598 David Creek Apt. 583
Lake Jamesside, WI 32841"
155,Brady Michael,155,123456,(727)552-4793,mhenry@example.net,890536,"208 Justin Fords
East Daniel, VA 58169"
156,Kenneth Johns,156,123456,+1-667-259-9057x81405,michelle81@example.net,499227,"960 Marvin Falls Suite 693
Caitlinberg, MA 07883"
157,Johnathan Williams,157,123456,(598)886-1850x00581,teresa25@example.net,276746,"0580 Mathis Brook
East Matthew, MN 87754"
158,Martha Cervantes,158,123456,(548)703-7597x418,wendy41@example.org,536747,"PSC 8151, Box 8493
APO AA 47896"
159,Katrina Lara,159,123456,(234)481-3690,bmartin@example.net,395075,"PSC 3801, Box 8364
APO AP 04626"
160,Joshua Dixon,160,123456,+1-697-842-2459x616,jodyromero@example.net,488719,"5869 Leon Green Apt. 269
South Dawnstad, GA 07060"
161,Nicole Ryan,161,123456,001-272-315-5043x6745,jonathanzhang@example.com,127689,"84990 Ibarra Track Apt. 660
Lake Alejandro, HI 11101"
162,Collin Garcia,162,123456,557-250-0629x47100,jlong@example.net,918798,"1675 Harmon Ferry Suite 958
Port Josephport, VI 91273"
163,Jasmine Holland,163,123456,(204)597-8704,matthewmartinez@example.net,768778,"1253 Gregory Burgs
Simonside, CO 85976"
164,Kevin Gomez,164,123456,965.514.7435,douglasgarcia@example.com,160953,"184 Griffith Circle Apt. 712
North Mariaberg, MH 69568"
165,Jonathan Simmons,165,123456,304.868.7144,brandonbrown@example.net,466302,"435 Lam Camp Suite 114
Darrylborough, PA 58078"
166,Nicholas Sparks,166,123456,774.969.9955x976,gregory59@example.com,457893,"792 Roy Mall
Cisnerosshire, ID 81280"
167,Misty Contreras,167,123456,+1-823-500-8578x60822,ibradley@example.org,586679,"9858 Vanessa Glen
Lake Stephanie, KY 53413"
168,Donald Gould,168,123456,812-679-4145x130,jeremy30@example.net,974284,"15952 Cheryl Flat Suite 075
New Lisafort, AZ 45965"
169,Tanya Gould,169,123456,852-880-4889x1951,gregory70@example.org,646124,"577 Moore Valleys
East Barbaraside, MO 03207"
170,Ryan Burton,170,123456,560.987.8691,zalvarez@example.net,711088,"878 Carlos Estates Suite 628
New Brookeport, PW 08412"
171,Paul Lee,171,123456,001-688-265-9458x283,xphillips@example.com,110254,"876 Collier Ranch
Lake Belinda, GA 29829"
172,Tiffany Griffith,172,123456,742-340-1782,tuckersharon@example.com,380373,"7631 Palmer Lights Suite 021
Port Jacquelinetown, AL 43788"
173,Patricia Young,173,123456,+1-997-841-8398x309,pjennings@example.net,128233,"9361 Gibson Well
North Scottport, NJ 95420"
174,Taylor Buchanan,174,123456,309.488.3675,prestontrevor@example.com,807260,"PSC 9056, Box 1914
APO AE 20674"
175,Jordan Ward,175,123456,3442842810,emily14@example.org,113636,"76986 Jordan Run Suite 558
Port Kimberly, PW 43531"
176,John Francis,176,123456,+1-330-528-1340x133,thomasdavid@example.com,862029,"PSC 8909, Box 8072
APO AA 40973"
177,Richard Williams,177,123456,560.908.8446x60717,nancyramos@example.org,178238,"689 Johnson Unions
Kylemouth, MI 82748"
178,Angela Nelson,178,123456,(898)571-8723,zware@example.com,970725,"510 Timothy Union
South Christinatown, GA 05994"
179,Ernest Lopez MD,179,123456,314.407.5795x476,hdiaz@example.com,458937,"0325 Ewing Point Apt. 759
Weavershire, IL 30701"
180,Andrea Mills,180,123456,+1-633-574-0282x9372,sandra58@example.net,715149,"87423 Lee Pine Suite 058
Krauseshire, NJ 35529"
181,Emily Dennis,181,123456,001-517-696-3241x719,whitney44@example.org,117804,"PSC 9145, Box 3680
APO AP 16192"
182,Willie Reeves,182,123456,(919)350-2328,lisalawrence@example.com,521450,"844 Williams Cliff Suite 396
Lake Michelle, HI 85958"
183,Karen Burgess,183,123456,2584175772,simpsonchristopher@example.net,756377,"34098 Brown Rapids Apt. 023
Shannonbury, IL 11723"
184,Gerald Huff,184,123456,001-236-282-1504,perezjohn@example.org,396318,"5785 Jeffery Trail Suite 837
Josebury, MH 13623"
185,Diana Taylor,185,123456,001-203-635-9736x272,tinabenjamin@example.com,516379,"32318 Joseph Plaza Apt. 545
Port Erin, VI 47248"
186,Laura Dougherty,186,123456,4443580019,kevinbell@example.com,632994,"02862 Myers Summit
Matthewview, PA 12978"
187,Michael Allen,187,123456,574-962-0751x40421,teverett@example.org,787244,"07536 Roberts Lake
New Sarahfort, VA 39122"
188,Stephen Randolph,188,123456,-11337,erin17@example.com,488263,"46589 Berg Roads Apt. 287
East Joannemouth, MA 77850"
189,Diane Lewis,189,123456,+1-585-406-5794x6434,williamsbreanna@example.com,308527,"6695 Mccoy Shoals Suite 701
South Megan, VI 23518"
190,Gail Tate,190,123456,498.523.4888x1722,tmiller@example.org,288005,"1650 Edwards Union Apt. 968
Gallegosshire, VI 35417"
191,Carmen Gaines,191,123456,315.203.3476x7718,clayamanda@example.com,595211,"63889 Burnett Freeway Suite 068
South Stephanie, WY 45755"
192,Mr. Joseph Murphy IV,192,123456,5555124215,mark05@example.com,499521,"573 Stokes Brooks Apt. 448
Pearsontown, OH 81166"
193,Craig Brown,193,123456,999-492-9351x44908,teresavasquez@example.org,933172,"Unit 9213 Box 1518
DPO AP 96823"
194,John Wolfe,194,123456,733-251-4400,ksimpson@example.com,155125,"94977 Christopher Gateway
Port Robertton, WY 82983"
195,Stacey Phillips,195,123456,503-551-2386,pmiller@example.org,736229,"2859 Jennifer Causeway
Johnnymouth, NY 65988"
196,Ashley Ramirez,196,123456,537.671.9066,elizabeth78@example.com,886060,"83918 Thomas Pines Apt. 258
Melissaport, AL 66400"
197,Stephanie Robertson,197,123456,3444422348,hawkinsdonna@example.com,590604,"4463 Sean Rapids Suite 197
Amandastad, AZ 76960"
198,Danielle Davis,198,123456,001-875-463-3641x4303,moorejoshua@example.net,452614,"543 Autumn Freeway Suite 794
Lake Angelicaview, DE 78473"
199,Kaitlyn Wagner,199,123456,537-549-9114,seangonzales@example.net,249060,"822 Lyons Corners
Port Manuel, NM 61549"
200,Susan Tucker,200,123456,234-983-8575x4455,gonzalesmarcia@example.com,950668,"48628 Lauren Flats Suite 873
Juliefurt, CO 45650"
201,Adam Carney,201,123456,614-707-4250,rjones@example.org,650339,"176 Miller Isle
Robertmouth, PA 01400"
202,Becky Nichols,202,123456,-7734,tannershort@example.net,486233,"5795 Michael Plaza
Markmouth, MO 93066"
203,Kayla Mccann,203,123456,9787537108,mmccarty@example.org,780600,"4541 Margaret Alley Suite 151
New Anthony, CO 25872"
204,Anthony George,204,123456,696-254-0377,alvarezjoseph@example.net,824205,"867 Summers Court Apt. 639
Lake Jamiehaven, MO 27148"
205,Stacy Perez,205,123456,+1-895-371-7775x963,ramosanthony@example.com,266673,"Unit 9382 Box 9497
DPO AA 81139"
206,Toni Rhodes,206,123456,+1-326-580-9397x993,jessica77@example.org,424302,"4947 Michelle Forges Suite 488
South Christian, AL 29425"
207,Anita Hoffman,207,123456,853-959-5460x3480,olivergina@example.com,377792,"64095 Mora Fields
Lake Douglas, MO 08514"
208,David Gonzalez,208,123456,(351)731-2554x068,ericsmith@example.org,844782,"Unit 7766 Box 2477
DPO AP 36112"
209,Lindsey Williams,209,123456,+1-859-829-2751x06024,wparsons@example.com,618898,"1494 Steven Rapids Suite 596
South Jenniferview, NM 44422"
210,Jonathan Riley,210,123456,758.778.7689x192,kgarrison@example.net,251688,"9264 Tucker Neck Suite 828
Lake Michael, AS 48003"
211,Pamela Cox,211,123456,924-316-9957x006,oliviathomas@example.com,322122,"68332 Morales Glens Suite 037
Heatherburgh, OH 87006"
212,Frank Patterson,212,123456,382-790-9726x97447,monica58@example.net,313226,"8847 Garrison Common Apt. 195
South Tracy, SD 91898"
213,Mary Hill,213,123456,-6489,andreamartinez@example.net,888349,"5143 Mccarty Club Suite 187
Michaeltown, PW 77596"
214,Mr. Charles Young,214,123456,+1-423-546-8586x179,brooksmatthew@example.com,825556,"7815 Jared Lodge
Port Matthewfurt, FL 73530"
215,Paul Ross,215,123456,(792)956-5277x96748,danielhernandez@example.com,974819,"4662 Conway Club
West Davidborough, RI 35250"
216,Danielle Frey,216,123456,-2796,fjones@example.net,121196,"USNS Richards
FPO AE 35018"
217,Emily Patterson,217,123456,001-259-416-8754,shortsteven@example.org,447630,"0190 Collins Burgs
East Monique, IN 52255"
218,Scott Harrison,218,123456,499.270.3477x7123,christophernorris@example.com,864304,"48475 Hill Mount
Stewartton, WI 71626"
219,Ryan Coleman,219,123456,311.392.8241x2781,stephen52@example.com,688143,"361 Jones Glen
New Joshuabury, HI 02794"
220,Carla Martin,220,123456,-10505,laura49@example.net,425745,"7243 Clark Turnpike
Rayburgh, MS 00907"
221,Robert Thompson,221,123456,461-815-7089x205,turneralejandra@example.net,333296,"18932 Dean Turnpike Suite 542
Vaughnfurt, WA 64858"
222,Carolyn Torres,222,123456,406-884-9505x943,brooksshannon@example.org,627384,"0875 Kimberly Vista Suite 576
Savageshire, LA 22435"
223,Joann Collins,223,123456,437-644-3553,combsjennifer@example.com,557210,"24628 Miller Cove Suite 991
Cooperview, MP 69824"
224,John Jimenez,224,123456,996-409-4071x4926,rhonda66@example.com,627811,"96777 Saunders Street
West Rickyland, MH 07586"
225,Jessica Davis,225,123456,844.943.0130x3246,wwashington@example.net,147378,"5556 Smith Divide Suite 744
Melissafurt, PA 50651"
226,Pamela Sweeney,226,123456,491.896.6779x8986,fernandocastro@example.net,400967,"947 Banks Spurs Apt. 923
Patriciaport, MI 58694"
227,Melissa Cox,227,123456,9923214199,jonathon27@example.com,704867,"Unit 9625 Box 0464
DPO AE 99881"
228,James Sheppard,228,123456,939.372.2665x0349,hhall@example.com,271887,"157 Heather Hills Apt. 071
Aimeemouth, PA 72904"
229,Kelly White,229,123456,+1-506-723-9078x1847,brandon18@example.com,978938,"43432 Mitchell Roads
East Jessicafort, WI 71359"
230,Elizabeth Williams,230,123456,990.814.7074,hailey69@example.org,393290,"542 Rodgers River Apt. 621
Port Shannonfurt, NC 88229"
231,John Montgomery,231,123456,(516)388-8430,wendybolton@example.org,341625,"0377 Rebecca Overpass Apt. 771
Johnfurt, AK 15158"
232,Jamie Petersen,232,123456,617.527.5383x75117,xgalvan@example.com,525109,"923 David Glen
South Andrew, MH 50888"
233,Adam Keith,233,123456,(595)938-4389,beverly80@example.com,813827,"961 Daniel Ford
Kevinport, WY 86102"
234,Craig Baker,234,123456,-5956,qgarcia@example.net,902738,"6702 Burns Brook Suite 505
Richardborough, PA 26405"
235,Stuart French,235,123456,632.312.4930x44721,fmartin@example.com,910050,"62799 Danny Ways
Stevenburgh, FL 45026"
236,Lauren Ellis,236,123456,419.296.7259,michaelsalas@example.net,691178,"68705 Joseph Plain Suite 031
North Drewtown, NC 04223"
237,Jennifer Greer,237,123456,8638660044,tinawhite@example.net,145022,"PSC 0330, Box 8289
APO AA 95269"
238,Michael Hernandez,238,123456,001-399-357-1674,nescobar@example.org,458438,"42437 Gonzalez Cliff Apt. 984
Nguyenstad, MS 11898"
239,James Meyer,239,123456,(473)398-0415x06401,jessica79@example.org,896939,"477 Chad Rue Apt. 271
Lake Kyle, TN 33217"
240,Christy Roberts,240,123456,001-433-431-7798x441,taylorleah@example.net,497496,"36439 Dunn Tunnel Suite 958
Port Nicoleshire, CA 67298"
241,John Simpson MD,241,123456,001-411-880-6739x4085,hernandezchristopher@example.net,975332,"859 Gwendolyn Brooks Suite 697
Alanborough, OR 42849"
242,April Henderson,242,123456,591-791-7889,vvargas@example.com,730957,"5022 Adkins Wells Suite 434
Griffinmouth, ME 23341"
243,Monique Whitehead,243,123456,242-594-9821x3823,avincent@example.org,455231,"4777 Adam Streets
Andreafort, UT 72837"
244,Jacqueline Long,244,123456,+1-985-798-1821x422,aperry@example.com,535697,"434 Amy Spurs Apt. 028
Carsonmouth, IL 69422"
245,Michael Bullock,245,123456,309-286-4517x4186,davisbecky@example.com,580537,"8863 Colon Village
Timothyview, HI 15176"
246,Brooke Griffin,246,123456,340-713-9190x2707,ananielsen@example.org,667115,"47607 Newton Ford Suite 982
Edwardland, MP 35653"
247,James Merritt,247,123456,(314)871-3786x94652,sperez@example.net,377561,"4257 Anthony Landing Apt. 357
North Anthonyshire, CO 48065"
248,Julie Robertson,248,123456,721.479.8588,xford@example.com,431380,"Unit 6949 Box 7936
DPO AE 46448"
249,Stephen Perkins,249,123456,+1-772-282-3246x165,shansen@example.net,481770,"37364 Carla Vista Apt. 730
Kaylashire, SD 73851"
250,Autumn Elliott MD,250,123456,410-200-2048x7164,gduran@example.org,550763,"6308 Erica Port Apt. 957
Lake Adam, VT 21391"
251,Kathleen Kelley,251,123456,952.313.1715x70505,amandasmith@example.net,378524,"753 April Lock
Lawrenceland, VT 70531"
252,John Copeland,252,123456,695.825.1842,wrighterica@example.net,172777,"6708 Victoria Groves Suite 431
Adamburgh, OK 56350"
253,Jacob Martinez,253,123456,626-701-4870x9766,merrittjennifer@example.org,334717,"84582 Colon Trafficway Suite 990
North Tracyville, MN 94198"
254,Veronica Huffman,254,123456,(556)579-5513,jasmine49@example.com,540526,"348 Dunlap Mountains
Nicolechester, OH 53727"
255,Kristin Elliott,255,123456,(700)954-4831x3702,kaitlin75@example.org,827600,"03622 Catherine Crest Apt. 410
Amyfurt, RI 48131"
256,Benjamin Mckinney,256,123456,001-776-969-9757,melanielara@example.net,461473,"35421 Heather Roads Suite 445
Lake Meredithbury, NM 74743"
257,Chad Anthony,257,123456,+1-914-965-3612x143,jacksonkeith@example.net,797502,"058 Bruce Station
New Suzanneview, PA 52413"
258,Daniel Manning,258,123456,971.991.9192x2075,styler@example.com,313284,"63517 Rodriguez Lock Apt. 305
Rodrigueztown, ID 78326"
259,Daniel Moyer,259,123456,753.254.3185,cruzroger@example.com,146685,"37008 Christian Canyon Apt. 113
Smithmouth, MP 81874"
260,George Perez,260,123456,738.904.4908x80545,james83@example.com,352863,"1259 Brown Dam
Dennisbury, PW 68648"
261,Jamie Rodriguez,261,123456,785-681-3790,omay@example.com,416398,"52719 Ryan Point Suite 967
Fitzpatrickland, TN 79118"
262,Michelle Lewis,262,123456,-1928,kevin41@example.com,816084,"41449 Kim Grove
West Edwardfurt, PR 80364"
263,Jennifer Griffin,263,123456,4578534268,victoria71@example.org,193532,"119 Mckinney Pine
North Kristina, MI 78772"
264,John Mullins,264,123456,001-320-625-0415x92233,briannaerickson@example.org,344135,"125 Kevin Route
Kristinshire, DE 35756"
265,Randy Stewart,265,123456,(492)953-6010x65184,frank73@example.com,258286,"869 Robert Row Apt. 464
Jeffberg, OR 63056"
266,Claudia Brown,266,123456,001-225-820-1869,marvin36@example.com,575622,"PSC 6052, Box 6422
APO AA 99511"
267,Kimberly Lewis,267,123456,2866613398,robertsandrew@example.net,676195,"4539 Amber Ford
Lake Michael, VT 02474"
268,Jeremy Morales,268,123456,(697)332-5276x2462,youngteresa@example.org,900591,"65739 Marsh Knoll
Johnsonbury, AL 44886"
269,Barbara Lowery,269,123456,(921)426-7751x63637,jonathanpittman@example.org,444567,"2426 Dodson Viaduct
Randalltown, AK 15427"
270,Christopher Wall,270,123456,651-740-8128x433,pgriffin@example.com,798824,"96237 Vega Motorway
Laurafort, AL 87927"
271,Linda Jones,271,123456,+1-662-482-8076x8860,tiffany60@example.net,205653,"22216 Ian Glen
Davidtown, OR 82885"
272,Haley Pugh,272,123456,(631)287-4361x7706,fduncan@example.net,417418,"9064 Shelley Parkway Suite 394
West Timothy, SC 67372"
273,Ryan Christensen,273,123456,354-607-1254,omitchell@example.org,731802,"88235 Alexander Gateway Suite 511
South Sandra, NC 40389"
274,Rodney Price,274,123456,+1-245-516-3537x17152,andersonjulia@example.org,407353,"73251 Sims Estate Apt. 540
West Jessicastad, AZ 24763"
275,Travis Hill,275,123456,(258)864-8965,qgarcia@example.org,521942,"664 Jasmine Mission Apt. 435
Michaelberg, NM 89609"
276,Austin Valentine,276,123456,582-701-4588x346,annadavis@example.org,648488,"8824 Velazquez Rest Apt. 158
West Amanda, CA 23517"
277,Michael Cole,277,123456,866.713.9202x246,walljustin@example.net,178034,"176 Stacy Curve Suite 907
Natashachester, SC 52749"
278,Carla Schmitt,278,123456,265-952-4919x766,qfisher@example.com,429715,"51185 Simon Brooks
Port Daniel, PR 70309"
279,Henry Ferrell,279,123456,807.680.7035,scottsalazar@example.com,342827,"58626 Ashley Locks Suite 744
Port Richardtown, ME 92679"
280,Ann Sullivan,280,123456,(747)329-2157x36071,johnsondaniel@example.org,634205,"967 Reed Street Apt. 920
West Ericaborough, OK 56682"
281,Crystal Hawkins,281,123456,947.534.6930x2917,castroanthony@example.com,695179,"632 Mark Tunnel
Timothyside, WI 71504"
282,Dustin Atkinson,282,123456,625-465-2790,stephanierivera@example.org,601116,"71162 Chen Ford
Port Corey, MA 99297"
283,Courtney Wade,283,123456,-5272,jill27@example.org,471870,"21563 Debbie Oval
Lake Jenniferton, NE 10472"
284,Michael Robertson,284,123456,714-384-3414,richard26@example.org,713528,"Unit 9992 Box 7516
DPO AP 93411"
285,Jodi Crosby MD,285,123456,001-531-996-3655,nicolebruce@example.org,600719,"207 Curtis Village Apt. 821
Riveramouth, MN 27198"
286,Donna Mcclure,286,123456,(358)304-7965,john29@example.com,251049,"1253 David Tunnel
Lake Michael, HI 17869"
287,William Bishop,287,123456,281-995-0941x263,zkaiser@example.com,257812,"82333 Donna Mountain Suite 332
Lake Jessicatown, MD 91026"
288,Christopher Snow,288,123456,-5494,marissaclark@example.org,501399,"363 Richard Divide Suite 053
Perezshire, TN 29842"
289,Todd Lowery,289,123456,+1-941-739-3235x79803,williamsjoe@example.com,863282,"1379 Pamela Hollow Apt. 023
Keithborough, CA 36941"
290,Nicole Ruiz,290,123456,(295)855-8281x73305,annrobertson@example.org,900372,"937 Andrea Drive
North Briantown, FM 49547"
291,Anthony Little,291,123456,3074993331,kathrynwebb@example.org,157680,"512 Michael Skyway
North Micheleland, ME 79688"
292,Terry Curry,292,123456,534-999-7753,xmedina@example.org,526861,"85435 Collins Point
New Ryanland, TN 08892"
293,Amy Ward,293,123456,828-333-9488x7762,abaker@example.org,784572,"79157 Benjamin Locks
Meganburgh, MT 55957"
294,Ethan Frazier,294,123456,001-731-330-8043x704,frank62@example.org,242096,"197 Smith Dam
East Samantha, CT 60352"
295,Jacob Snow,295,123456,232-319-3417,smithpenny@example.net,750244,"520 Rodney Shoal Suite 867
Coleton, GU 94211"
296,Julia Mathews,296,123456,(875)329-4692,jessica12@example.com,700183,"14268 Meredith Brook Suite 087
West Jared, OR 11228"
297,Jeffery Cohen,297,123456,(787)512-0908x42274,sarahthompson@example.net,912694,"9181 Harris Spring
Brettburgh, MI 57465"
298,Madison Shaw,298,123456,367-446-7984x83824,obaird@example.net,187504,"1883 Cynthia Manor Suite 527
Jenniferberg, KS 39833"
299,Donald Sullivan,299,123456,495-591-9331x6202,matthew51@example.com,831361,"PSC 9880, Box 2644
APO AE 61366"
300,Samantha Lopez,300,123456,(592)476-7841x155,alan32@example.net,718978,"865 Manning Knoll Suite 925
Rileytown, OK 60962"
301,Kyle Wolf,301,123456,441-493-6795,toddmelanie@example.com,989425,"56439 Thomas Curve
Hallborough, IL 59179"
302,Linda Herrera,302,123456,2316305998,dixonjodi@example.com,649664,"570 Wilson Circle Suite 668
East Garymouth, IA 44418"
303,Keith Petersen,303,123456,001-631-758-8747x3648,howelllauren@example.com,428757,"69197 Sullivan Shoals Suite 235
East William, NC 91297"
304,Jeanette Mcfarland,304,123456,750.292.9667x28454,tyler94@example.org,825452,"9541 Buchanan Mews Apt. 586
South Karenland, IA 18266"
305,Mark Kelly,305,123456,575.427.3467,marc47@example.org,855096,"3061 Alexis Village
Thomaston, CO 11614"
306,Michelle Flores,306,123456,982.255.0011,candice86@example.net,236482,"25833 Sullivan Greens
New Christinemouth, AZ 89448"
307,Lisa Savage,307,123456,+1-308-936-5587x26823,sarahbridges@example.com,202943,"8864 Eduardo Course Suite 101
West Samantha, MO 27144"
308,Dorothy Graves,308,123456,+1-701-758-1073x9846,crossjay@example.net,575034,"400 Deleon Summit
Darrellburgh, RI 08317"
309,Elizabeth Ellis,309,123456,(736)691-4883,vazquezwilliam@example.net,880123,"39547 Katherine Fields Suite 273
Lake Samuel, FL 64145"
310,Robert Haney,310,123456,652-736-6005x79244,christopher00@example.net,907546,"783 Steven Prairie
North Martin, ME 03014"
311,Ashley Morton,311,123456,(891)812-6849x97470,dale23@example.com,641079,"35258 Greer Bridge
Carrborough, GU 50179"
312,Lauren Webb,312,123456,(519)504-3042x87658,careychad@example.org,279876,"2199 Smith Lake
South Lawrenceview, MI 24681"
313,Brian Stewart,313,123456,932.226.3368x578,flee@example.org,735600,"36419 Laura Divide
Lake Terriport, KY 39323"
314,Benjamin Welch,314,123456,643-416-5954x5705,fjames@example.net,584110,"313 Christopher Expressway
Michaelberg, DE 39598"
315,Jeffrey Martinez,315,123456,+1-254-812-6754x853,jonathansmith@example.org,623725,"350 Holt Streets Suite 767
North Ronald, NY 74321"
316,Joshua Jones,316,123456,+1-936-804-0666x0502,derek45@example.org,902154,"01447 Samantha Spring
Kevinfurt, OH 26872"
317,Kelly Watson,317,123456,001-471-758-4942x1414,omorales@example.org,556132,"51722 Montes Circle Apt. 940
East Trevorside, FM 09158"
318,Laura Edwards,318,123456,936.776.9190x3051,taylorreginald@example.net,678230,"248 Larry Ferry
Jessicaland, ME 16447"
319,Mary Carrillo,319,123456,(621)918-2151,samanthajames@example.com,102271,"7080 Johnson Mountain
Sharishire, AZ 77444"
320,Mrs. Ashley Mcintosh DDS,320,123456,624.757.3388,hvasquez@example.net,658541,"4678 Curtis Manors Suite 860
Ryanborough, VA 27694"
321,Mary Taylor,321,123456,248.229.0439x66536,estradagerald@example.org,138644,"9432 Kathryn Stravenue Apt. 510
South Kevinport, PR 28963"
322,Dawn Tran,322,123456,267.877.0432x1761,richard36@example.net,981554,"948 Christopher Lakes Apt. 696
North Allisonton, WI 51244"
323,Katrina Hayes,323,123456,381-472-7433x31143,gcarlson@example.net,918771,"43696 Jennifer Rapids
Hendersonberg, AR 22387"
324,Kimberly Turner,324,123456,(574)829-7301,smithadam@example.net,371107,"6919 Jon Shoals Apt. 430
South Frankton, WA 64777"
325,Robert Barnes,325,123456,001-347-747-6621x372,vmcdowell@example.com,273457,"8755 Gregory Track
Millermouth, MA 90190"
326,Mr. Bernard Harrell,326,123456,969.657.8148,nicolenguyen@example.org,357255,"47600 Randolph Ford
East Rachaeltown, MH 73075"
327,Mary Mclean,327,123456,899-773-7531,aaronharris@example.org,800510,"985 Ball View Apt. 819
East Heatherhaven, NC 96683"
328,Patrick Sanchez MD,328,123456,708-900-8172x51324,gnorman@example.org,919996,"3220 Hall Port Suite 208
Port Hollystad, MP 28073"
329,Jerry Norris,329,123456,(728)819-9453x6894,mitchellchristopher@example.com,737716,"USNS Jones
FPO AA 91707"
330,Julie Thompson,330,123456,+1-454-205-9655x7421,christopherjones@example.net,351206,"10667 Smith Ports
North Elizabeth, AK 70231"
331,Mrs. Amanda White,331,123456,+1-749-356-7509x988,ethornton@example.org,761906,"87444 Ryan Camp Suite 225
Elizabethville, ID 10451"
332,Sarah Mclaughlin,332,123456,354-781-1059,burkecarrie@example.org,181506,"09251 Harris Valley Suite 832
Goodview, NV 07130"
333,Donna Jenkins,333,123456,382.891.2920x19271,ruth29@example.com,451448,"216 Catherine Junction Apt. 962
Johnsonview, SC 21157"
334,Aaron Rodriguez,334,123456,(764)762-8004x29206,jzavala@example.com,676524,"013 Laura Fields
Port Matthewberg, FL 24829"
335,Mary Kent,335,123456,(392)267-8066x700,brittany59@example.net,606061,"648 Todd Stream
Walterchester, CT 98107"
336,Scott Flowers,336,123456,520-356-9238x6832,donaldsoncarlos@example.net,468250,"553 John Valley
Philipburgh, AL 18580"
337,Laura Lopez,337,123456,283-927-3898,lestes@example.org,380189,"199 Cameron Springs Suite 862
Hudsonport, NV 32692"
338,Justin Horn,338,123456,5532752820,morrisonmatthew@example.org,866976,"204 Smith Route Suite 245
North Linda, KS 00731"
339,Mrs. Shannon Jones,339,123456,+1-269-639-3715x007,shaunsanchez@example.org,215599,"PSC 7886, Box 7342
APO AP 45715"
340,Diane Anderson,340,123456,373.826.0752x828,harmonbrett@example.org,365820,"23307 Alexander Summit Suite 473
Nguyenstad, TN 68377"
341,Nancy Moore,341,123456,001-642-898-5473x590,icarey@example.org,323184,"33059 Mack Hollow Apt. 975
Tommychester, NH 69901"
342,Paul Padilla,342,123456,(783)950-0421x84965,john88@example.org,554602,"15267 Acevedo Lodge
Loriborough, CA 68160"
343,Alyssa Miller,343,123456,938-933-9596x57672,michael37@example.org,296772,"7717 Jonathan Mission
New Stephanie, OH 74563"
344,Shawna Martinez,344,123456,(713)522-3671x1291,norman96@example.org,252293,"49621 Robert View
New Stephanie, NY 80369"
345,Jessica Johnson,345,123456,748-614-2595,bmartinez@example.com,502242,"80856 Chavez Shoal
South Frank, MS 90005"
346,Cynthia Pugh,346,123456,368.239.2244,colemanallison@example.com,894642,"USNV Garner
FPO AA 37073"
347,Kelly Glover,347,123456,875.221.5550x5547,ktucker@example.net,914910,"7467 Campbell Oval Apt. 824
East Brandon, AK 21868"
348,Sherry Schneider,348,123456,468.762.1547x634,christopherpratt@example.net,135751,"USCGC White
FPO AP 36932"
349,Tonya Brandt,349,123456,+1-631-709-1872x009,john80@example.net,514998,"69977 Cortez Haven Suite 478
Ruthburgh, HI 66438"
350,Patricia Walker,350,123456,462-292-6484x35078,weaverlee@example.net,746811,"8618 Walker Bridge
Michaelstad, GA 84224"
351,Joseph Phillips,351,123456,866-876-4191x17717,meagan78@example.org,715738,"05359 Brian Cliffs Suite 935
Michaelshire, FL 64623"
352,Jill Hart,352,123456,001-456-285-9892x30697,anthonybowen@example.net,544773,"15837 Calvin Point Suite 984
North Christopher, OH 05127"
353,Rebecca Hudson,353,123456,+1-286-560-8425x5507,kathleen85@example.com,847389,"63885 Schmidt Lakes Apt. 950
North Derrick, MT 59504"
354,Kimberly Clark,354,123456,2958258589,brichards@example.org,341323,"USS Lawson
FPO AA 89770"
355,Brandon Holden,355,123456,001-333-248-4188,kempscott@example.org,674265,"091 Alicia Fields
Robertland, TN 85023"
356,Dr. Edwin Johnston,356,123456,+1-514-769-1619x015,justinhines@example.com,639505,"59768 Chen Path
West Douglasfort, DC 20543"
357,Michael Williams,357,123456,388-481-1783x5273,bradleyreed@example.com,778408,"70796 Bowen Vista
Figueroaberg, VI 83313"
358,Matthew Spears,358,123456,414.977.7596,johnsonvincent@example.org,510710,"2198 Edwards Branch
Gonzalezside, WI 34059"
359,Dwayne Wells,359,123456,(728)630-6526,ykemp@example.com,473372,"33764 Ruiz Shore Suite 734
Adamburgh, VI 21511"
360,Donald Charles,360,123456,(799)938-7140x11770,wilsonmichael@example.org,702396,"6310 Young Heights Suite 228
North Michael, VI 13641"
361,Kevin Archer,361,123456,+1-450-429-9193x7447,warnerkathryn@example.com,388089,"4906 David Coves Suite 049
North Mirandamouth, MN 67230"
362,Christopher Martinez,362,123456,(229)294-5783,karen69@example.net,294333,"53644 Miller Drive Apt. 243
Olivertown, SC 53512"
363,Lance Jimenez,363,123456,(512)503-5009x509,wolfmary@example.org,692294,"5991 Alexander Field Suite 317
Port Jonathon, DC 90519"
364,Donald Zamora,364,123456,656.769.2911x979,wjimenez@example.net,458337,"6434 Banks Pike
Peterside, GA 69370"
365,David Bell,365,123456,+1-251-330-8551x235,davidjones@example.org,684497,"50037 Parker Knoll Suite 888
Port Luis, IN 72331"
366,Christopher Knapp,366,123456,7813439213,wangrebecca@example.com,787763,"89675 Jared Park
Michaelberg, TX 80998"
367,Daniel Alvarado,367,123456,(859)660-6979,jameslawrence@example.net,672933,"74418 Wagner Gateway
Lake Bradmouth, CA 16352"
368,Edward Chaney,368,123456,(793)627-8770x132,chrisjones@example.com,320898,"288 Jennifer Parkway Suite 152
Aprilville, MN 30651"
369,Rachel Williams,369,123456,(405)423-3604x73155,usoto@example.net,299084,"99391 Molly Harbors
Jeremymouth, MP 70997"
370,Lisa Lopez,370,123456,+1-914-413-0603x683,stricklandmatthew@example.org,822745,"2720 Richard Mission
Robynside, AR 04552"
371,Patricia Williams,371,123456,250-602-8546x913,brian72@example.com,367068,"0398 Brett View
West Ryanton, OR 31310"
372,Todd Hodges,372,123456,(771)321-1294x12968,stephaniedavenport@example.org,639840,"9672 Patel Highway Apt. 128
Gregorystad, PW 24048"
373,Brittany Yang,373,123456,+1-994-428-5651x062,wigginsalex@example.net,525291,"46554 Curtis Fort
West Kristenchester, MI 79297"
374,Dana Olson,374,123456,407-475-2038x9376,todd64@example.net,420993,"5506 Christopher Station Suite 710
New Kirsten, AZ 95273"
375,Steve Marsh,375,123456,7423293273,suzannedavis@example.org,874567,"655 Robert Stream
Clarkberg, AL 72153"
376,Andrea Conner,376,123456,+1-861-309-9506x916,griffincharles@example.com,204126,"655 Gray Station
Higginsbury, MS 74360"
377,Dr. Heidi Jackson,377,123456,344-956-1349x2087,gwood@example.com,351804,"67442 Patricia Circle
Howardside, AS 72837"
378,Shane Manning,378,123456,4444139005,stephaniebautista@example.net,660101,"01772 Ryan Ramp Suite 033
South Kelseyton, DE 23376"
379,Chelsea Carey,379,123456,304.700.9880,pughmarcus@example.com,198735,"USNS Armstrong
FPO AP 24526"
380,Gary Stevens,380,123456,001-959-916-2262,mary13@example.org,453891,"647 Johnson Locks Apt. 109
East Matthew, IN 48202"
381,James Armstrong,381,123456,(425)767-4361x4344,mguzman@example.com,897316,"515 Christopher Point
New Megan, FL 28544"
382,Dr. Anna Walton,382,123456,(734)345-6622,jennifersmith@example.org,440657,"02596 Mary Freeway Suite 558
Ortizberg, RI 78015"
383,Anthony Jackson,383,123456,702.302.8643x52772,ubooker@example.org,126602,"PSC 8249, Box 4021
APO AP 42107"
384,James Soto,384,123456,222.492.0431x346,danielle12@example.org,207818,"1151 Richard Flat
Robertview, IA 76359"
385,Christopher Morrison,385,123456,924.388.6207x649,srollins@example.org,933681,"1213 Dylan Villages Suite 871
Bobbyport, RI 97445"
386,Brittany Burns,386,123456,586-598-6558,xhernandez@example.com,945478,"7983 Sandra Spring Apt. 662
Schmitttown, IA 01295"
387,Makayla Goodwin,387,123456,+1-932-588-3568x76799,davidfitzgerald@example.net,987656,"917 John Overpass Suite 724
Port Michael, CO 71314"
388,Patricia Miller,388,123456,(348)849-8518,rhondaconner@example.net,761828,"38910 Mark Course Apt. 647
Garnertown, TX 62567"
389,Frank Brooks,389,123456,881.646.0418x6858,fgreer@example.com,310145,"299 Garcia Club Apt. 943
Lake Waynebury, KY 46805"
390,Douglas Fox,390,123456,(612)721-4375,wbaker@example.net,464362,"43551 Kelsey Knolls
Port Robert, NJ 58237"
391,Wayne Fisher,391,123456,-8913,cuevassteven@example.com,856117,"826 Dalton Roads
Gregorybury, AS 81563"
392,Joseph Davis,392,123456,+1-449-763-6730x294,penadylan@example.org,255232,"Unit 7823 Box 5039
DPO AA 77826"
393,Joseph Murphy,393,123456,235.930.2419x179,steven31@example.com,495776,"0781 Price Hollow
West Davidhaven, NE 21585"
394,John Mason,394,123456,599-329-4148,mryan@example.org,405485,"3283 Charles Tunnel
New Jamesshire, CO 38061"
395,Nicholas Hardy,395,123456,793.316.4138,smcdonald@example.net,519088,"416 Miller Streets
West Tara, CO 51927"
396,Sheila Parrish,396,123456,744.695.9031x57208,hernandezwesley@example.com,162659,"77944 Martinez Crossing Suite 525
Port Margaret, FL 65363"
397,Mrs. Shirley Cox,397,123456,660.506.0208,colinjackson@example.com,171631,"34060 Buchanan Pike
New Kelseyville, MH 40782"
398,Zachary Lopez,398,123456,+1-350-922-1077x3620,chelsea56@example.net,322288,"354 Ross Canyon
West Seanbury, IA 56242"
399,Lorraine Russell,399,123456,951.950.4986x099,jose58@example.com,521704,"32758 Gregory Extensions Suite 370
Carriebury, OH 15474"
400,Matthew Molina,400,123456,434-628-4245,ifarrell@example.com,304893,"6466 Patrick Creek
West Robertofort, MT 80672"
401,Michelle Morrow,401,123456,-7054,alicia37@example.org,217513,"14251 Sanchez Heights
Nicholasmouth, LA 21874"
402,Isaac Macias,402,123456,973.711.7512,faulknerann@example.com,257545,"USCGC Maxwell
FPO AA 12596"
403,Rebekah Black,403,123456,001-916-753-9602x697,bishopcody@example.com,895101,"09959 Kirk Viaduct Apt. 406
Mcintoshbury, MS 53131"
404,Kristin Thompson,404,123456,872.967.3147x347,shane23@example.com,509808,"31187 Rogers Cliff Apt. 835
West Darryl, NV 94247"
405,Debbie Hunt,405,123456,(479)310-9690x34025,stephensaustin@example.com,224771,"981 Irwin Coves
West Veronica, MP 68430"
406,Robert Macias,406,123456,001-272-909-6581,clarkemily@example.org,210552,"0345 Livingston Cliff Suite 942
New Tara, ID 84897"
407,John Smith,407,123456,861-497-9087x065,vrogers@example.net,643353,"7947 James River Suite 913
Chadport, NC 59304"
408,Jay Green,408,123456,001-566-251-5750,ggibbs@example.org,363977,"3186 Stacey Ford Suite 599
Halechester, NC 52820"
409,Michael Cox,409,123456,719-447-8890,juan61@example.com,717604,"3817 Penny Harbors Suite 213
Zacharychester, KY 79381"
410,Amanda Nelson,410,123456,760.637.5529,farleyjoseph@example.org,630362,"0366 Williams Road
Angelatown, RI 46762"
411,Paige Rogers,411,123456,(345)377-2275,ibrooks@example.net,148015,"43045 Fields Drive
Sarahland, WA 49582"
412,Sara Anderson,412,123456,4165473328,katelyntaylor@example.org,508506,"1022 Michael Valleys
Jillview, MN 70868"
413,Anthony Wheeler,413,123456,240-930-4204x9290,vanessafranklin@example.org,566328,"PSC 6026, Box 5532
APO AA 78784"
414,Katherine Smith,414,123456,5232901262,washingtonkimberly@example.net,154715,"04422 Traci Locks Suite 896
North Kara, IA 95618"
415,Marcus Johnson,415,123456,001-449-537-5103x908,barnettjerry@example.net,543882,"9209 Brenda Station
Lake David, CO 65001"
416,Kayla Davis,416,123456,5934511291,sheltonlauren@example.com,294527,"10341 Shawn Parkway
Curtisshire, MN 46668"
417,Mike Peters,417,123456,(445)696-8591x59769,fjohnson@example.net,100965,"444 Tonya View Suite 276
Lake Troyview, GA 90566"
418,Matthew Snyder,418,123456,519-990-5387x88937,anacastro@example.org,548245,"16263 Tyler Key
Williamstad, CT 77257"
419,Timothy Vega,419,123456,(471)928-1946,iroach@example.com,330339,"443 Rivera Harbor Apt. 129
West Carol, TX 71477"
420,David Villanueva,420,123456,527.937.7138,rick88@example.com,166126,"698 Erica Run Apt. 968
Nancyshire, ID 27249"
421,Joseph Jones,421,123456,001-824-320-0033x96944,jjohnson@example.com,816388,"7500 Tammy Camp Apt. 524
Vincentmouth, NE 38664"
422,Carlos Brown,422,123456,785.717.8551x578,gabriela62@example.org,979341,"456 Brittany Light
Port Jeffrey, CA 39466"
423,Katie Davidson,423,123456,9615602813,tylerrosario@example.com,398441,"153 Jessica Station Apt. 738
Mcclurefort, HI 52511"
424,Sarah Schmidt,424,123456,001-724-645-7347x3639,brownmichelle@example.net,738192,"0316 Nicole Shore Suite 620
East Pamela, MI 95646"
425,Gavin Lindsey,425,123456,764.355.9335x155,richardwilliams@example.net,615024,"439 Cynthia Meadow Suite 561
East Vicki, DE 40468"
426,Dr. Jonathan Simmons,426,123456,215-481-4465x92705,alane@example.org,751394,"86551 Smith Meadows
Nguyenhaven, AZ 83969"
427,Michael Ayala,427,123456,001-806-617-9032x683,mcmillanbenjamin@example.net,867805,"1023 Julie Islands
Lisaton, MT 61086"
428,David Wilson,428,123456,949.481.2007x0261,robert30@example.net,347772,"3580 Sandra Plain
Millerchester, MN 86649"
429,Jonathan Mccormick,429,123456,981.421.8144x389,gonzalezjoseph@example.org,975354,"5318 Edwards Knoll
Williamsborough, AS 65632"
430,Scott Garner,430,123456,-9843,pettytracy@example.com,726450,"00994 Patricia Meadows Suite 592
Thomashaven, PW 28009"
431,Douglas House,431,123456,001-835-874-0575x95496,kcohen@example.com,994016,"546 Lynch Ports Suite 488
South Damonview, PA 47299"
432,Robert Lopez Jr.,432,123456,634-310-1072,ncarroll@example.org,385771,"592 Lee Crest Apt. 058
North Michaelside, IA 33628"
433,William Anderson,433,123456,001-876-730-0243x7455,brittany10@example.org,290854,"3274 Barnes Dam
Lake Carrie, CO 30056"
434,Olivia Vazquez,434,123456,001-582-927-5886x984,debra45@example.org,643606,"511 Cynthia Ways Suite 737
Hendrixland, CO 72636"
435,Monica Parrish,435,123456,(632)827-7472x6253,carlos79@example.org,446764,"29570 Hammond Inlet
West Veronica, OR 04643"
436,Jerome Glover,436,123456,(650)445-8359,mbrady@example.net,882596,"1929 Carter Crescent Apt. 790
Lewischester, MD 73393"
437,Gregory Perez,437,123456,589.470.7063,amandataylor@example.com,552435,"745 Beth Courts
Edwardsburgh, MT 13369"
438,Rachel Hanna,438,123456,001-324-734-6162x81458,tracy27@example.net,706112,"31191 Richard Forks Apt. 300
South Tammy, FM 09524"
439,Katherine Baker,439,123456,(264)636-6035,jessicalong@example.com,156766,"81638 Thomas Fall Apt. 876
Sandraland, IN 04670"
440,Tammy Smith,440,123456,+1-721-993-0862x691,btran@example.net,808698,"91196 Cynthia Ridge Apt. 235
Wyattmouth, KS 25532"
441,Joseph Beltran,441,123456,+1-363-288-9724x614,garnertimothy@example.net,140957,"2633 Warner Mountains Suite 992
Port Kristen, VT 40109"
442,Elizabeth Wood,442,123456,635.205.7865x761,longbryan@example.net,654194,"0607 Walker Extension
Carterview, AS 23139"
443,Morgan Murphy,443,123456,5754369331,jenniferwiley@example.com,260257,"229 Lindsay Fork
East Michael, AZ 71209"
444,Steven Fry,444,123456,892.436.9371x7559,elizabethclark@example.com,954916,"8489 Hicks Dale Suite 793
Angelahaven, WV 08155"
445,Raymond Donovan,445,123456,001-201-599-8911x4424,jacquelinejensen@example.com,311506,"16435 Kristen Cliffs Apt. 455
New Philip, KY 91409"
446,Lori Harris,446,123456,472.938.0608,websterwendy@example.org,256229,"460 Molly Land
Martinezmouth, NH 52983"
447,Jordan Garcia,447,123456,(622)536-9526x156,yarroyo@example.net,422017,"237 Patrick Creek
Yvonneville, NC 23571"
448,Heather Brown,448,123456,455-452-2349,uhaynes@example.com,569958,"88779 Calvin Mountain
Lake Jessehaven, MI 39009"
449,Caitlin Gutierrez,449,123456,580-723-5990x868,kevinbonilla@example.net,691179,"2701 Angie Terrace Apt. 798
Jonesborough, NM 35675"
450,Angela Martinez,450,123456,859.627.1657x31548,eugene09@example.com,290949,"727 Jackson Divide
Johnsonland, MP 14877"
451,Douglas Gregory,451,123456,(746)711-8623x2776,ashley85@example.org,139052,"7291 Steven Skyway
South Nicholastown, TN 48078"
452,Larry Henderson,452,123456,+1-880-782-9655x29741,lbutler@example.org,128196,"95035 Shane Manors
Morenofort, HI 65144"
453,Todd Evans,453,123456,744.783.4605x52906,darlenemartinez@example.net,612495,"0293 Graham Parkway
Heathhaven, KS 15964"
454,Jeffery Carson,454,123456,851-784-2143x9833,egreen@example.net,711414,"9245 Matthew Meadow Suite 796
Bonillabury, PW 05113"
455,Kevin Miles,455,123456,(563)887-1258x741,masonjennifer@example.com,707029,"8554 Kevin Springs
Thomasshire, TX 67707"
456,Melanie Gonzalez DVM,456,123456,001-358-823-0427x329,haileymendoza@example.org,158312,"USNV Lynch
FPO AA 67318"
457,Elizabeth Whitney,457,123456,+1-372-503-6943x5336,jrobles@example.com,897945,"Unit 4493 Box 4289
DPO AE 69291"
458,Sandra Green,458,123456,735-607-7608x73845,wgilmore@example.com,435334,"2184 Lisa Inlet
Debraville, FL 42929"
459,Dustin Good,459,123456,001-940-232-6747x8811,andersondavid@example.org,388290,"773 Washington Corner Apt. 955
South Austinton, DC 38284"
460,Robert Sanchez,460,123456,(888)566-4391x71733,iharris@example.org,369647,"8957 Michael Prairie Suite 308
Carolynmouth, NY 94312"
461,Jessica Logan,461,123456,(747)627-3514,hsmith@example.net,714212,"5609 Gonzalez Springs
Shannonstad, NV 19003"
462,Zachary Warren,462,123456,(618)394-7917x074,johnsonmiranda@example.com,214164,"5387 Morgan Knoll
Rosemouth, PR 35035"
463,Melissa Moore,463,123456,527-461-5275x07841,palmerstephen@example.net,116573,"Unit 7428 Box 1964
DPO AE 67920"
464,Jamie Butler,464,123456,001-916-235-2893x9873,lisa20@example.org,818485,"013 Day Isle
Veronicaland, PR 66490"
465,Jackie James,465,123456,783.283.5856,thomasshelly@example.com,660432,"98607 Angela Fork
Joshuafurt, SD 43899"
466,Christopher Cook,466,123456,763.665.1029x78348,daughertysamantha@example.org,353438,"9780 Davis Fork
East Denise, MT 77921"
467,Michael Anderson,467,123456,001-519-536-2625x8386,codydodson@example.com,568620,"35525 Debbie Throughway Apt. 762
West Ericachester, DE 89117"
468,Robert Morse,468,123456,001-832-615-4313,melissatravis@example.com,635483,"35300 Valerie Plains
Lake Jamesview, RI 69282"
469,Scott Martin,469,123456,3229021291,juanlopez@example.net,870923,"PSC 5785, Box 6498
APO AA 81193"
470,Miranda Valenzuela,470,123456,763-359-5894,jensenstephen@example.com,232596,"21541 Preston Street Suite 968
Burnsmouth, MD 11034"
471,Eric Preston,471,123456,+1-959-984-2133x496,jrodriguez@example.org,123168,"57945 Williams Ports Apt. 378
North Kelseyfurt, AR 79665"
472,Ashley Freeman,472,123456,288-804-0310,ulewis@example.org,300010,"05872 Joshua Forks Apt. 025
Andersonton, DC 64969"
473,Pamela Crawford,473,123456,+1-985-385-3436x1609,lindseysmith@example.org,947059,"67970 Webster Mountains
Lake Sarah, HI 39426"
474,Nicholas Perez,474,123456,+1-503-485-6995x4088,katherine15@example.org,843737,"592 Galloway Port Suite 705
New Robertofort, NH 81164"
475,Judith Murphy,475,123456,502-697-7975x569,cdavila@example.org,825542,"37646 Lee Plains Suite 082
New John, TX 49470"
476,Geoffrey Wilson,476,123456,001-394-269-0763x7448,marshallbenjamin@example.com,690462,"8528 Timothy Manor
Robertsonville, VT 08596"
477,Anthony Green,477,123456,(556)238-7760x704,rhondamcdaniel@example.org,339288,"2008 Tiffany Rest Apt. 750
Franktown, OK 35132"
478,Alexa Bernard,478,123456,523-841-0256,katherineanderson@example.net,332793,"09523 Austin Crescent Apt. 267
New Charlesview, VA 55288"
479,Nicholas Robertson,479,123456,4062244299,deanna82@example.net,197613,"3345 Lori Flat
Jonathanport, NV 47767"
480,Cynthia Allen,480,123456,388.396.2548x695,ashleyrivers@example.org,463318,"369 Linda Estates Suite 253
South Katie, NM 27773"
481,Lori Hardin,481,123456,804.911.8328x262,julia36@example.net,897157,"57677 Torres Forge Suite 296
Collinsburgh, CA 09639"
482,Lisa Price,482,123456,984.731.5124x232,tfrey@example.org,906980,"0815 Fox Mews Suite 912
West Jason, CA 26700"
483,Jeffrey Hall,483,123456,452.728.8477x4916,monicadrake@example.org,600087,"2603 Boyer Glen
New Cameronbury, NH 49002"
484,Matthew Moore,484,123456,+1-895-683-2453x8753,wheelertiffany@example.org,590398,"Unit 2556 Box 1140
DPO AP 37796"
485,Julie Gaines,485,123456,3813424047,rbell@example.org,669015,"9624 Bell Village
West Scott, MD 08953"
486,James Russo,486,123456,(567)214-2074,donna29@example.org,371519,"66349 April Estates Apt. 266
Loganshire, NM 82772"
487,Amanda Turner,487,123456,804.663.6042x094,laurapatrick@example.com,682424,"Unit 0700 Box 7682
DPO AE 07106"
488,Kristen Wilson,488,123456,431.507.9072,mrobinson@example.com,884002,"7607 Brandon Circles
East Marymouth, NY 51422"
489,Christine Dixon,489,123456,+1-430-408-7458x3934,michael92@example.com,312653,"617 Andrea Dam
East Christine, TX 61895"
490,Dakota Young,490,123456,(509)721-2117x8072,bsoto@example.net,293168,"PSC 4128, Box 9565
APO AA 13114"
491,Alex Warner,491,123456,626.264.5487x58657,john44@example.net,512829,"077 Brandon Road
Kaitlynview, MD 53074"
492,James Butler,492,123456,001-746-208-8419x4060,maytheresa@example.net,597465,"81937 Matthew Haven Suite 818
Nicholaschester, CA 61688"
493,Michelle Mora,493,123456,(934)273-2198x3357,arthurwise@example.org,423490,"514 Taylor Creek Apt. 012
Kristenton, AK 97407"
494,Robert Marshall,494,123456,948.842.2911,umiller@example.net,588689,"727 Fitzgerald Trace
Port Amanda, UT 39536"
495,Gina Pollard,495,123456,666-418-5303,angela58@example.org,620703,"79809 Cynthia Lake
Port Robertfurt, AK 71532"
496,David Robinson,496,123456,287-986-1007x9857,jenniferwilson@example.net,636978,"259 Lindsey Mountain
Georgefort, MN 10842"
497,Christine Lopez,497,123456,558-822-2298x1414,frankchambers@example.com,406985,"37315 Joshua Light
Fletcherhaven, OR 06868"
498,Denise Snyder,498,123456,749-704-4739x16835,llucas@example.org,135877,"Unit 7074 Box 9313
DPO AA 46553"
499,William Saunders,499,123456,312.589.4607,garrett19@example.com,552576,"4537 Murphy Brooks
Stuarthaven, CO 17461"
500,Nicholas Williams,500,123456,711-901-7645x675,thomasjoseph@example.org,504679,"0116 Amanda Overpass
Lake Kelly, AS 13196"
